rank,country,trade_value_usd_thousand,quantity_kg,priority_tier,target_importers_per_country,current_verified_leads,next_action
1,Indonesia,747845.41,555908000,Tier 1,20,20,Immediate outreach and contact enrichment
2,United States,313676.23,125458000,Tier 1,20,20,Immediate outreach and contact enrichment
3,Malaysia,313207.90,232925000,Tier 1,20,21,"Target exceeded; Ken Hin now validates Malaysia's strongest contact-ready peeled/fresh-garlic FCL route with official importer/wholesaler/trader language, direct garlic products and Volza fresh-garlic shipment evidence, while Keongco remains the clean official fresh-whole outreach route and Khai Yo, Yong Ga, Sinogun and Poo Trading remain paid-customs ownership targets"
4,Brazil,205716.63,145568000,Tier 1,20,21,"Target exceeded; Brazil now has official-source Partrade garlic-import route, Natari paid-customs/FCL ownership target, Biofer/Alho Brasil/Agrolaf/Massy/Malibru/Naju official outreach routes and additional processor/distributor coverage; continue paid customs to reconcile HS 070320 beneficial importer ownership"
5,European Union,192939.56,84608800,Tier 1,20,20,"Target met; Garlic Solutions is now normalized as European Union rank 1 because it has direct garlic specialization, more than four million cloves supplied weekly across Europe, supermarkets/meal-box/catering-wholesaler channels, peeled/unpeeled/bulk/organic formats and public contact details, while Greenyard, Ardo, Eosta, METRO, Transgourmet and Bonduelle remain broad EU channel-validation routes"
6,Germany,130625.01,41566300,Tier 1,20,21,"Target exceeded; JERSA now validates Germany's strongest official fresh-garlic import/wholesale route, while Global Food Trading, I.Schroeder and Farmers Land remain paid-customs reconciliation targets for public buyer-table shipment evidence"
7,Netherlands,102613.43,25119200,Tier 1,20,20,"Target met; Garlic Solutions is now Netherlands rank 1 because it has direct garlic specialization, more than four million cloves supplied weekly, supermarket/meal-box/catering-wholesaler channels, peeled/unpeeled/bulk/organic formats and public contact details; Heuschen & Schrouff remains rank 2 as a distinct large Western Europe Asian-food import-distribution route with H&S Fresh garlic"
8,United Kingdom,99615.20,44186800,Tier 1,20,27,"Target exceeded; Kay Bee remains the strongest public fresh-garlic FCL route, while Louis Konyn, Alancia and NFB add official fresh-produce/garlic importer routes and Alizas, Lajawab, Dealicious and Indifresh add processed-garlic or green-garlic shipment-backed challenger paths; use paid customs to separate HS 070320 fresh whole garlic from paste, pickle, prepared and small green-garlic flows"
9,France,91338.30,23626300,Tier 1,20,24,"Target exceeded; Allium Distribution remains the top official fresh-garlic specialist, while T&T Foods, GFT France, Primeale France and Midi Caraibes Martinique now add shipment-backed importer/distribution or fresh-produce challenger routes; paid customs should separate HS 070320 beneficial ownership from Asian grocery, fresh-produce, overseas-France and domestic supplier flows before quoting FCL volume"
10,Italy,88463.46,44563700,Tier 1,20,23,"Target exceeded; Fresh Tropical remains Italy's strongest contact-ready public garlic buyer/import-distribution route, while Raja Whole Sale, Plafoni Andrea and Haryana Vegetables now add shipment-backed ethnic grocery and fresh-allium challenger paths; GarlIT, Palmieri, Duoccio, Global Trading and India Trading remain format-specific validation routes before FCL quoting"
11,Canada,82583.89,28184900,Tier 1,20,21,"Target exceeded; Fresh Taste now validates Canada's strongest public peeled/fresh-garlic FCL route with Trademo peeled-garlic rank 1, company import-scale evidence and HS 070320 supplier examples, while CDS Foods, Canada Garlic Importing, Nood Garlic, Aoda, Super Asia, Van-Whole, Lian Teng, Super Three and Brecon remain format/channel validation targets"
12,Colombia,73159.96,31837500,Tier 1,20,23,"Target exceeded; Global Garlic now ranks as Colombia's top fresh whole-garlic official importer/distributor route with garlic importation, distribution, national reach and Cartagena logistics evidence, while Ajopel remains the best peeled refrigerated route and Importadora La Gran Cosecha, Distriajos El Rey and Distributions The King remain paid-customs fresh whole shipment targets"
13,Japan,68596.78,21153300,Tier 1,20,22,"Target exceeded; Sojitz remains Japan's top scale platform for garlic-buyer validation, while Spice Home Japan and Sartaj add contact-ready shipment-backed ethnic/import-distribution challengers; paid customs should separate HS 070320 fresh whole garlic ownership from dried, spice, grocery and frozen/IQF channels before quoting FCL volume"
14,Saudi Arabia,65674.37,27313300,Tier 1,20,26,"Target exceeded; Lulu Saudi remains the strongest public garlic buyer signal and official retail/import route, while Al Bazil and Fazco add processed-garlic and foodstuff-importer paid-customs challenger routes alongside retailer, distributor and produce-wholesale rows; use paid customs or direct phone/form escalation to identify the true produce procurement desk before FCL quoting"
15,Pakistan,63478.77,44129600,Tier 1,20,22,"Target exceeded; Mehr remains Pakistan's cleanest contact-ready official fresh-garlic route with Chinese garlic import/supply and public contact details, while AAG Impex, Ayaan Enterprises, Chairman and Sons, Crown International Trading Establishment and Amin Impex FZE are public shipment-backed HS 070320 paid-customs targets before FCL quoting"
16,Mexico,60704.65,30861600,Tier 1,20,22,"Target exceeded; PROAGSA now ranks as Mexico's top import-buyer/FCL route with Volza garlic-fresh shipment leadership and an official garlic product PDF, while Productos Agricolas Valle Alto, Los Rancheros, Proveedora Majo, Operadora de Ciudad Juarez, SDMHC, Cosechero and Comercial Toyo remain paid-customs or channel-validation targets"
17,Sri Lanka,59717.61,43197100,Tier 1,20,24,"Target exceeded; Devi Trading remains Sri Lanka's strongest contact-ready official garlic importer with garlic importation, agro-food sourcing, owned sales outlets and public Colombo contacts, while F S Traders, Global Trading & Company, Ranjitha Foods, Midcity Marketing and Lal & Sons are public shipment-count paid-customs targets before FCL quoting"
18,Morocco,55387.25,29680600,Tier 1,20,23,"Target exceeded; Graineo remains Morocco's strongest contact-ready official garlic importer/distributor with bulk and packaged garlic import, inspection, packaging and delivery evidence, while CIC/TradeDataPro sample HS 070320 records identify Garland/Garland Maroc, Amghar Agro, BHZ Trading and Baharate Elallali as fresh/chilled garlic shipment names requiring paid-customs ownership validation"
19,Australia,48201.33,17706800,Tier 1,20,25,"Target exceeded; Indya remains Australia's strongest contact-ready processed-garlic/import-distribution route, while Chetak adds public HS 070320 fresh/chilled garlic evidence and Reliable Exim, Parsram, Mala and Usha add high-volume processed-garlic or South Asian grocery-import challenger paths; paid customs must separate fresh-garlic ownership from garlic powder, pickle, naan, snack and seasoning keyword noise"
20,Spain,46813.91,15787900,Tier 1,20,24,"Target exceeded; Big Garlic now ranks as Spain's top contact-ready buyer-style garlic route with official international-commercialization, continuous five-continent supply, packaging flexibility, Las Pedroneras/Elche contacts and public HS 070320 buyer/import evidence, while Ajos La Veguilla remains the strongest producer/exporter route and Calista GC, Joaquin Peregrin, Ruescas Export and Nadal Forwarding remain paid-customs or logistics reconciliation targets"
21,Israel,44444.17,14677500,Tier 2,20,22,"Target exceeded; OOO BODEANU CO now anchors Israel's public fresh-garlic paid-customs FCL ownership route from Volza garlic-buyer evidence, URI FOOD 18 remains the best official contact-ready fresh-produce/garlic importer route, and Beit Yosef Tozar Haklaot adds an HSN 0703 allium/fresh-produce customs target"
22,Singapore,42731.83,16150300,Tier 2,20,27,"Target exceeded; CHOP WENG HOI now anchors Singapore fresh whole-garlic paid-customs FCL ownership from Volza fresh-garlic rank 1 evidence, while JQA, Topstar, Glife, Ngee Teck Huat and Hong Yun add shipment-backed fresh-garlic or broader garlic/import scale and LHH/Defu provide contact-ready official allium and peeled refrigerated routes"
23,Philippines,37956.57,24429800,Tier 2,20,25,"Target exceeded; JN Riqueza now ranks as the strongest public fresh whole-garlic FCL ownership target with Trademo fresh-garlic rank 1, HS 070320 company-profile evidence and Volza garlic/fresh-garlic reinforcement, while JLPM, Rochim, Krissam and RJJ Green Farm are paid-customs challengers and Hordex remains the best contact-ready processed/dehydrated garlic ingredient route"
24,Oman,33738.98,13361100,Tier 2,20,25,"Target exceeded; LuLu Muscat replaces ARIB as Oman rank 1 because current Volza fresh-garlic data shows dominant fresh-garlic shipment ownership, while ARIB remains the best direct official fresh-produce cold-chain distributor contact and Umsalim, Al Liusie, MRSAA, Al Mashani and Habat add paid-customs challenger paths for fresh garlic, garlic paste, alliums and garlic-powder/onion keyword checks"
25,Poland,30604.73,10111300,Tier 2,20,22,"Target exceeded; Greenset now anchors Poland's fresh-garlic FCL route by combining Volza garlic rank 1 evidence with official importer/packer/distributor contacts, while Markie-Pol adds fresh-garlic-bulb leadership and official garlic/warehouse/processing contacts, TopVeg remains the large-volume official garlic specialist and Anatan/Falcon/Pablo/Tan-Viet/Vege remain paid-customs reconciliation targets"
26,Thailand,29729.93,20454000,Tier 2,20,28,"Target exceeded; Marhaban now anchors Thailand's public fresh whole-garlic FCL ownership route from Volza fresh-garlic rank 1 evidence, Somchai Panich is the second paid-customs fresh-garlic/allium target, SAB Agricultural Trading adds the strongest official contact-ready fresh-garlic importer/trader bridge, THAIFRESHEXPRESS remains the best official peeled/whole garlic route, and New World Logistics, Kanokwan Import Export, N Pro Trading, Farm To Plate, CP Axtra and the processor/ingredient rows remain customs, channel and format validation targets"
27,India,28566.37,22078700,Tier 2,20,22,"Target exceeded in the live database; Ever Green Fruits remains India rank 1 from existing public trade and official-contact evidence, with additional fresh, peeled and dehydrated garlic rows already present; next pass should audit shipment-readiness and HS 070320 beneficial ownership before FCL quoting"
28,Qatar,28550.30,10695500,Tier 2,20,29,"Target exceeded; Al Tayeb now anchors Qatar's public fresh-garlic FCL ownership route from Volza fresh-garlic leadership and generic garlic buyer evidence, Family Food Centre remains the strongest contact-ready official retail/import route, Arab India and Asian Fresh add official fresh-produce importer/distributor contacts with fresh-garlic evidence, and Safari, Nasser/MegaMart, Al Ansari, Abu Khalifa, Ajwa, Smiley, New Indian Super Market, Candid, Al Baker, Yamuna and processor/retail rows remain paid-customs, channel and format validation targets"
29,South Africa,28404.28,13384100,Tier 2,20,27,"Target exceeded; M&R Fresh now anchors South Africa's FCL-scale fresh-garlic route with official wholesaler/exporter/distributor, cold-room and packing evidence plus Trademo/Volza HS 070320 garlic supplier/export scale, King Fresh adds official bulb/garlic category and regional export distribution evidence, Shoprite and Woolworths/Food Lover's validate modern retail channels, Drishti and Africa Spice Mart remain processed-garlic import routes, and Nuts about Garlic remains the strongest local bulk/peeled/value-added garlic specialist"
30,Belgium,26924.93,8897290,Tier 2,20,22,"Target exceeded; KX Food now anchors Belgium's official fresh whole-garlic import route with direct Asia-to-Europe garlic sourcing and Brecht contacts, WJT International adds full/mixed-container fresh-produce distribution with garlic, Herbafrost remains the strongest contact-ready frozen/IQF garlic processor, Ardo and Dujardin add scaled frozen/IQF buyer/processor validation, Exotic City and Ebro remain public garlic-buyer trade-data challengers, and SRL FDCB, Solucious, Dicofoods, Innovafood and sauce/black-garlic rows cover peeled, horeca, frozen, ingredient and processed formats"
31,Romania,26730.47,12899800,Tier 2,20,25,"Target exceeded; Select Fruits now anchors Romania's contact-ready official fresh whole-garlic route with China, Egypt, Romania and Spain garlic sourcing and direct retail/HORECA contacts, while SC Star Prod Express, Agro Bac Harvest and Agrofin Invest add Volza HSN 0703 fresh-garlic/allium paid-customs FCL ownership targets, Fire International, RGI DAR Fresh, ADOS Fresh and Fresh-Fruits Logistics validate fresh/peeled distribution, and Fuchs remains the strongest dry/ingredient garlic processor route"
32,Viet Nam,25588.77,25278400,Tier 2,20,22,"Target exceeded; DODO now provides a contact-ready official-source garlic import/export, wholesale and distribution route with full-container packaging references, while Hoa Phat and Da Lien Thong remain paid-customs reconciliation targets for HS 070320 buyer ownership"
33,Ireland,25303.95,7840150,Tier 2,20,21,"Target exceeded; NRG's Indian Imports now validates Ireland's strongest public garlic/garlic-paste shipment-backed importer route, while West Cork Garlic, Taylor's of Lusk, FrostFruits, Asia Market and Wallbridge remain official outreach/channel-validation routes"
34,United Arab Emirates,21602.55,13873500,Tier 2,20,22,"Target exceeded; LuLu Hyper Market/LuLu Retail now validates UAE's strongest fresh-garlic shipment-backed retailer/importer route, while NRTC, Jaleel, Barakat, Al Maya, Farzana and other Al Aweer fresh-produce leads remain official B2B outreach and paid-customs reconciliation targets"
35,Kuwait,20375.90,11133500,Tier 2,20,20,"Target met; Fresh Island is now the contact-ready official-source fresh-garlic import/distribution route, while Fresh Choice remains the paid-customs FCL ownership target from public buyer data"
36,Argentina,19873.84,6861960,Tier 2,20,28,"Target exceeded; Mendoza Exports now anchors Argentina paid-customs fresh whole-garlic FCL ownership with HS 070320 shipment scale, Agroexportadora Hortalizas del Sur and ARGAR add shipment-backed white/fresh-garlic targets, Exajo, Triple Progreso, UCO Garlic, Lufran, Rio Claro, RODIMAR, Parceiros, Agro Allium, Tierras Blas, American Garlic, Subo, Valors, El Rancho, Puente Blanco and Argentbio validate official fresh-garlic export/packing routes, and Ajo Conex remains the strongest peeled/chopped/frozen processor route"
37,Ecuador,18588.11,7928520,Tier 2,20,28,"Target exceeded; ProjectLab remains the best official fresh whole-garlic FCL route, while ECUNE, Transmariner, Bapinex, Basesurcorp, Disecfruta, ILE, Import Garlic, Smart Agro Food and Vianova now separate public HS 070320 ownership targets from lower retail/processor channel-validation rows"
38,Iraq,16877.60,10197400,Tier 2,20,27,"Target exceeded; TAV now anchors Iraq's fresh whole-garlic paid-customs FCL ownership route from public Volza garlic-buyer leadership, while AVV, Janat Al Fawakh, Durat Safwan, Pinot, P NOT and Bean separate fresh/chilled, allium/white-garlic, contact-ready fresh-produce and dry-garlic validation paths from the older dried/spice and retail rows"
39,Belarus,16261.40,5348050,Tier 2,20,24,Audit Fruitreal/Eurotorg/Fudlogistik paid customs and identify procurement desks
40,New Zealand,14910.51,4266720,Tier 2,20,28,Audit MG/Fresh Direct/T&G/Service Foods paid customs and validate garlic-specific FCL ownership
41,Greece,14385.15,5707260,Tier 2,20,29,Audit Alpha/Golden Gaia/MalFruit/Kiriakoulis/Super Market Egnatia paid customs and validate HS 070320 ownership
42,"Taiwan, China",13761.98,3017040,Tier 2,20,25,Audit Marland/Man Ku/Tian Yi Feng paid customs and separate garlic from onion/allium-heavy shipment signals
43,Portugal,13644.29,4763900,Tier 2,20,29,Audit Rodrigues/Batopes/Batatas Mirense/Manuel Patricio/Saleiros paid customs and validate HS 070320 importer ownership
44,Panama,13117.29,5710690,Tier 2,20,26,Audit Grupo Agrocampo/Westlake/Import Agrocampo/Hermanos Gago paid customs and identify official procurement desks
45,Costa Rica,12791.59,5679170,Tier 2,20,23,Audit fresh whole against Fruta/Agrofresko/JIMAP/Salomon/Cajisa and peeled against Alimentos Prosalud
46,Austria,12511.31,4911930,Tier 2,20,31,Audit Dorfinger/Fine Crop/Greenyard/CENIK/Wiegert paid customs and validate HS 070320 ownership
47,Czech Republic,12396.11,4210240,Tier 2,20,27,Audit DALAT/TruthFresh/DIVIS/Xuan/Dookan paid customs and separate fresh whole from peeled foodservice demand
48,Dominican Republic,12240.95,7226100,Tier 2,20,25,"Audit Hispaniola Grain, Agrogalan, Willy y Chic, Foodex, Mercasabe, Casa Chepe and Union Agricola with paid customs before quoting FCL fresh whole garlic"
49,Denmark,11917.97,3859920,Tier 2,20,26,"Audit Ingwersen, Hørkram, Dagrofa Foodservice, KFT, Danfoods, Gima, SR Foods, Montana, Golden Foods, Alber and Desi Mart with paid customs before quoting fresh whole, peeled refrigerated or frozen/IQF garlic"
50,Finland,11672.25,4079660,Tier 2,20,25,"Audit Valkoliekki, Kespro, Wihuri Metro-tukku, Elatukku, Valio Aimo, Meira Nova, Satotukku, Garlica, Apetit, Sevan and Jaakkolan with paid customs before quoting fresh whole, peeled refrigerated or frozen/IQF garlic"
51,Paraguay,11616.23,6341280,Tier 2,20,23,"Audit Churrasqueria Veneza, Las Leñas, Casa Marco, Grãos, Global Trading, Brigo, SCI, Apolo, GP, Boxabo, Fresh & Frozen, 5ta. Gama and IESP with paid customs before quoting fresh whole, processed or frozen/IQF garlic"
52,Chile,11334.63,4771790,Tier 2,20,27,"Audit Costa del Pacifico, Walmart Chile, Super Krak, Cebollas Chile, Rogsfruit, La Rinconada, Prinal, Chinese Mark, Unified Foods, Comercial AFL, Polagro, Santiago Natural, Bidfood and Ecoimport with paid customs before quoting fresh whole, peeled refrigerated, frozen/IQF or processed garlic"
53,Trinidad and Tobago,11092.69,5536320,Tier 2,20,24,"Audit Pepe's Marketing, D Food Connection, D&J Budget Mart, ASM Trading, ABL Food Traders, Pure Harvest, CEJ, Massy Distribution, HADCO, Malabar, Vasha and Chief Brand with paid customs before quoting fresh whole, bulk dry-goods, peeled refrigerated, frozen/IQF or processed garlic"
54,Guyana,10351.91,5778950,Tier 2,20,24,"Audit Guyimex, Triple R, Massy Stores, Alpha, AgroServices, Pan Global, Beepats, Newrest, B.M. Enterprise, UnivEx, Rayo and VP Imports with paid customs before quoting fresh whole, peeled refrigerated, frozen/IQF or dried/processed garlic"
55,Norway,10069.41,3021900,Tier 2,20,26,"Audit BAMA, Exotic Fruit, Abiramy, Norbygata Engros, Asia Engros, Asian Food Import, Lunde, ServiceNord, Sagro, Norrek, Akar and Inopa with paid customs before quoting fresh whole, peeled refrigerated, frozen/IQF or processed garlic"
56,Sweden,9928.10,3218550,Tier 2,20,27,"Audit Grönsaksmästarna, Dole/Everfresh/Ewerman, IND Traders, Saigon Food, GG Handel/Wernsing, Matkompaniet, Menigo, Martin & Servera and Grönsakshallen with paid customs before quoting fresh whole, peeled refrigerated, frozen/IQF or processed garlic"
57,Croatia,9698.90,4752420,Tier 2,20,20,Target met; monitor Frutiko and VG Fryer for stronger shipment and format validation
58,Kazakhstan,9584.37,9958730,Tier 2,20,20,"Target met; monitor Magnum, Lion Fruit and METRO Kazakhstan for stronger direct garlic and shipment evidence"
59,Switzerland,9245.54,2560770,Tier 2,20,20,"Target met; monitor H.J.Gabathuler, MUNDO and Transgourmet for stronger shipment and direct import evidence"
60,Hungary,9022.57,4382370,Tier 2,20,20,"Target met; monitor Cropfood, Non-Stop Foki and West Trade Market for shipment-level garlic evidence and active importer validation"
61,"Serbia, FR(Serbia/Montenegro)",8844.13,3605440,Tier 3,20,20,"Target met; monitor VOCE PROMET, DARKOM, WFC and direct processed-garlic manufacturers for shipment-level garlic evidence"
62,Uzbekistan,8277.13,4690210,Tier 3,20,21,"Target exceeded; UzAgroProduct is now the contact-ready official direct-garlic route, BMB adds official 400 t fresh-garlic capacity evidence and OOO First Fruits remains the paid-customs HS 070320 importer/FCL ownership target"
63,Lithuania,8225.06,2643600,Tier 3,20,20,"Target met; monitor Baltic Fresh Fruit, Litbana, GreenLit, Jotagris, NOWACO Lithuania, Inobera and Sauda for shipment-level garlic evidence"
64,Ukraine,7991.74,5563140,Tier 3,20,20,"Target met; monitor Fozzy Commerce, Green Market Plus, Field Vegetables Ukraine, Koshyk Gospodarya, AGROFRESH and Allium Agri for shipment-level garlic evidence and official contact validation"
65,Russian Federation,7632.60,5335140,Tier 3,20,20,Add directory leads and local distributor mapping
66,Bahrain,7385.56,2840170,Tier 3,20,20,"Target met; monitor LuLu, Babasons, MBT Fruits, MFB Foods, Grand Mart, V.M. & Bros and Subair for shipment-level garlic evidence and official procurement contacts"
67,Senegal,6973.19,3870860,Tier 3,20,20,"Target met; monitor Sadidal, Senfruit Import, Auchan Retail Senegal, SODIAL, Oury Diallo, GuineeGalaise and Senegal Food Industries-SENFI for shipment-level garlic evidence and official procurement contacts"
68,Jordan,6777.55,4855090,Tier 3,20,20,"Target met; monitor Jordan Oasis, Jordan Beqa'a, United Enterprises, Alzawraa/Septara, Kaylani, JordaNeeds and Yousef Al-Akkad for shipment-level garlic/allium evidence and official procurement contacts"
69,Slovak Republic,6446.03,2335650,Tier 3,20,20,"Target met; monitor LUNYS, HORTIM-SK, METRO, HORTI, FOODSERVICE NITRA, TIS, Bidfood Slovakia and VITIMPEX for shipment-level garlic evidence and official procurement contacts"
70,Mongolia,6230.39,6068370,Tier 3,20,20,"Target met; monitor Gatsuurt, Dorgon Chono Haraih, Nomin, Sky Hypermarket/eMart, RUSBEL, U-Foods, Zebra, Max Exim and Delta Foods for fresh-garlic shipment volume and official procurement contacts"
71,Malta,6009.99,1531390,Tier 3,20,20,"Target met; monitor FNG Supplies, Mazaga Fruit, Anglu Xerri, Marsaxlokk Import Export, J&C Pisani, M&Z, Crown Cold Stores, Greens and Welbee's for direct garlic import/shipment evidence and official procurement contacts"
72,Slovenia,5764.35,2087170,Tier 3,20,20,"Target met; monitor KRNC, GEAPRODUKT, Rastoder/Derby Group, Mercator wholesale, Minora, DG 69 and PMRC for direct garlic import/shipment evidence, frozen/IQF garlic demand and official procurement contacts"
73,Jamaica,5708.50,3183350,Tier 3,20,20,"Target met; monitor Spanish Grain, CPJ, Rainforest Caribbean, Everything Fresh, RCP Traders, Massy Distribution, Frozen Delights and Loshusan for direct garlic import/shipment evidence and procurement contacts"
74,Luxembourg,5300.81,1551980,Tier 3,20,20,"Target met; monitor GROSBUSCH, La Provençale, Fruits et Légumes du Jardin, BIOGROS, PrimaFood, Linkgel, Colruyt Professional and Euro-Indian Market for direct garlic import/shipment evidence and procurement contacts"
75,"Egypt, Arab Rep.",5246.10,2773550,Tier 3,20,20,"Target met; monitor Tomna, Farm Fresh, GIVREX, Sanu Foods, Elrawda, IQG Foods, Micro V, Carrefour Egypt and Alpha Foods for direct garlic import/shipment evidence and procurement contacts"
76,Peru,4941.96,1734590,Tier 3,20,20,"Target met; monitor White Lion Foods, Sol de Olmos, Valles Andinos del Peru, Agroquiskay, S&M Foods, Inka Organics, JEMVI, Vega Mayorista and Metro/plazaVea for direct garlic shipment evidence and procurement contacts"
77,Algeria,4928.05,2174200,Tier 3,20,20,"Target met; monitor Melianex, Numidis/UNO, Carrefour Algerie, Sable Dor, GEL FOOD, Alpha Ranim, ECD Foods, NaturAlim and CFOOD ORAN for direct garlic shipment evidence, procurement ownership and bulk fresh or frozen-garlic fit"
78,Bulgaria,4792.80,1832580,Tier 3,20,20,"Target met; monitor Dira Frukt, IVKO2014/IVKO 2014, InterCitrus, Fruit Direct, METRO Bulgaria, Region Fruit, Bulgaria Foods, Provinum and DOSH for direct garlic import/shipment evidence, procurement ownership and bulk fresh or frozen-garlic fit"
79,Mauritius,4756.26,1955770,Tier 3,20,20,"Target met; monitor AMB, Proxifresh, International Food Solution, Panagora, BrandActiv, Relish Marketing, Spice & Flavours, Super Hi Foods, Tenfa and Best Foods Distributors for direct fresh garlic import permissions, processed-garlic shipment evidence and private procurement ownership"
80,"Bahamas, The",4747.29,3049910,Tier 3,20,20,"Target met; monitor Sysco Bahamas, Island Specialty Foods, Thompson Trading, d'Albenas, Lightbourn Trading, Prokin Global, BWA, Island Wholesale, Asa H. Pritchard and Grand Bahama Food Co for direct garlic shipment evidence and fresh/frozen produce procurement ownership"
81,Bosnia and Herzegovina,4407.94,2244340,Tier 3,20,20,"Target met; monitor Frutis, Jaffa-Komerc, Voce-Tranzit, A+ Capital, Union Foods, ATACO, Bingo, Konzum, YimoR, Belamionix and Tropic for direct garlic shipment evidence and fresh/frozen produce procurement ownership"
82,Uruguay,4313.31,1983580,Tier 3,20,20,"Target met; monitor Pingakol, Opah Ortifrutti, AL MAR, Marama Import and Export, Verdes del Sur, Graba, Maosol, Frambel, Frescosur, Los Reyes Group, Grupo Disco and Ta-Ta for direct garlic buyer ownership and FCL-ready fresh/frozen procurement signals"
83,Latvia,4215.30,1270430,Tier 3,20,20,"Target met; monitor SIA Kerio, Elbi, Daneks, A Fruits, Auglu Serviss, Bidfood Latvia, Sanitex/PROMO, Reaton, Gemoss, Rodans, Maxima and Rimi for direct garlic buyer ownership and FCL-ready fresh/frozen procurement signals"
84,Nigeria,4211.51,7821970,Tier 3,20,20,"Target met; monitor Pitisa Fruits, Shoprite/RSNL, Fruits and Veggies Global, Vital Products, Tiger Foods, AACE, Pams, Wigmore, Delifrost and VegExpress for direct garlic buyer ownership and FCL-ready fresh, processed and frozen procurement signals"
85,Cyprus,4050.12,1119260,Tier 3,20,20,"Target met; monitor Andreas Papanicolis, Eurofresh, Amalthia, Fresca, Orthodoxos & Misos, ipH, D&A, GDL, Mitsios and EU Foods for direct garlic buyer ownership and FCL-ready fresh, peeled/refrigerated and frozen procurement signals"
86,"Korea, Rep.",4020.53,544834,Tier 3,20,20,"Target met; monitor Hyundai Green Food, Samsung Welstory, CJ Freshway, Ourhome, Dongwon Home Food, Daesang/BESTCO, SPC GFS, Foodist, Pulmuone Foodmerce, Shinsegae Food, Sempio, TDF Korea, Coman/M&F, Misung, FMS, Emart, Homeplus, Iri Nongsusan and Bridge Logis for direct garlic buyer ownership and FCL-ready fresh, processed, foodservice and frozen procurement signals"
87,Georgia,3776.12,1664900,Tier 3,20,20,"Target met; monitor Agrohub, Goodwill, Fresh Culinair, Nikora, SPAR Georgia, Carrefour, Magniti, Daily, 2 Nabiji, Fresco, Europroduct, Diplomat Georgia, Diplomat Culinary, Marneuli Food Factory, Kula, Foodex, Gastronome, Baka Gies, LLC Fruit1 and OOO Agroline 999 for direct garlic buyer ownership and FCL-ready fresh, processed, foodservice and frozen procurement signals"
88,Albania,3722.08,1773490,Tier 3,20,20,"Target met; monitor Neta, FruitLand, Hatia, Rinaldi, Eliani, AgroKaraj, VegHouse, Romir, Agro Tini, AlbFood, Big Market, SPAR Albania, Conad Albania, Devi Group, Neranxi, Teuta, AMG Food, Alsel Food, Royal MH and Albanian Smart Distribution for direct garlic buyer ownership and FCL-ready fresh, processed, foodservice and frozen procurement signals"
89,Estonia,3635.61,1198280,Tier 3,20,20,"Target met; monitor Karlskroona, Bambona, Fruit Xpress, Kaupmees, Maxima, Coop, Prisma, Rimi, Selver, Sanitex/PROMO, Reaton, Karisma, Akelaks, Salvest, Nord Garlic, Moonlight Fresh, Misafoods, Foodwin, TEH AG Partner and Viiruk for direct garlic buyer ownership and FCL-ready fresh, peeled/refrigerated, processed, foodservice and frozen procurement signals"
90,Iceland,3472.94,985846,Tier 3,20,20,"Target met; monitor Bananar, Innnes, Aðföng, Krónan, Samkaup, Ekran, Garri, ÓJ&K-ÍSAM, SFG, Stórkaup, Danól, Í einum grænum, Hagkaup, Bónus, FoodCoop, Matartíminn, Heilsa, Kalli K, Nathan & Olsen and Ölgerðin for FCL-ready fresh, chilled, frozen/IQF, foodservice, prepared-vegetable and retail-procurement garlic signals"
91,Honduras,3466.63,1872020,Tier 3,20,20,Target met; monitor AFS/CODIS/SISA/Walmart-Hortifruti plus produce distributors and processed-garlic manufacturers for shipment validation
92,Botswana,3402.53,1618500,Tier 3,20,20,Target met; monitor Sefalana/NTS-Pick n Pay/Mr Veg/TRANS/Tsetseng direct garlic signals plus FMCG and foodservice distributors for shipment validation
93,North Macedonia,3368.43,1292280,Tier 3,20,20,Target met; monitor Sistem Grupa/Atlantik/JON-FRUIT/Agro Food plus Dauti/KAM/Vero/Tinex/Ramstore/Kipper/Stokomak and DS Foods/DIP Frozen for direct garlic buyer ownership and fresh/frozen shipment validation
94,Suriname,3344.05,1848940,Tier 3,20,20,"Target met; monitor Amazone Wholesale/Foodservice/Frozen, Interfarm, Simextra, Rudisa, Kopcke, N.V. DAM, Subisco, Tropical, DTS and Simpex for direct garlic buyer ownership and WITS/paid-data shipment validation"
95,Barbados,2806.03,1466790,Tier 3,20,20,"Target met; monitor Massy Distribution, Continental Foods, Bryden Stokes, Hanschell Inniss, Western Wholesale, Simplex, PriceSmart, Massy Stores, AOne and fresh-produce wholesalers for direct garlic buyer ownership and WITS/paid-data shipment validation"
96,Lebanon,2523.74,1737870,Tier 3,20,20,"Target met; monitor AgroFruit, Ramadan Agro, Freshco, Libanfruits, Fresh Products, Agrifresh, Spinneys, FDC, Transmed, G. Vincenti, EAM, Al Wadi, Cortas and HoReCa suppliers for direct garlic buyer ownership and WITS/paid-data shipment validation"
97,Angola,2423.81,1179720,Tier 3,20,20,"Target met; monitor AngoAlissar, Frutas e Legumes, Mercadoro, Agrogenea, Alimenta Angola, AMDP, Star One, Voltari/Iglo, Invesco, Cal Conda, ECB, Maxi/CND, Shoprite, Kero, Kibabo, Deskontao and public Volza allium-buyer signals for direct garlic buyer ownership and paid-data shipment validation"
98,Maldives,2392.72,1289990,Tier 3,20,20,"Target met; monitor MADIHAA, UFS, Fantasy, BBM, IFS, SIMDI, Seagull, Lily, STO, Happy Market, Damas, Confood, BHM, Equics, Hebron, Redwave, AGORA/Bright Brothers, Fari, MIC and Euro Marketing for direct garlic buyer ownership and paid-data shipment validation"
99,Namibia,2319.93,1356630,Tier 3,20,20,"Target met; monitor Wecke & Voigts, NFPM, Primo, Deep Catch/Seapride, CIC, Woermann Brock/Fresh, Food Lover's, Pick n Pay, Shoprite, Woolworths, SmartCater, Caterserve, Afrifresh and public Volza fresh/garlic buyer signals for direct garlic buyer ownership and paid-data shipment validation"
100,Montenegro,2265.20,1285210,Tier 3,20,20,"Target met; monitor VOLI, Arivera Fruit, IDEA, DNF, Panvel, Veletex, Nelt, Expo Commerce, Vertigo, Aroma/Domaca Trgovina, Falcon, PG-PAK, Katunjanin, Skorpion, Montefish, PERT, Franca, HDL, RDS and Botir for direct garlic buyer ownership and paid-data shipment validation"
101,Cameroon,2209.48,1162620,Tier 3,20,20,"Target met; monitor 3TG, Promodis/Ngouchet, Carrefour, DOVV, Santa Lucia, Dee-Lite/SPAR, BAO, FoodHouse, Congelcam, CAM-DIS-ALIM, Necam, Frozen Foods, CDS Ship Chandler, WaziEats, WOO Agro, Alliance Trans, SIPAL, SIRPACAM, OK Food and Nosucam for direct garlic buyer ownership and paid-data shipment validation"
102,Mozambique,2094.25,1385060,Tier 3,20,20,"Target met; monitor Bindzu, Oceano, Terramar/Nutritir, Tropigalia, Moz Meat, Procongel, SAJUP, Moz Ship Supply, Sea Master, A&S, IGUAL, MEGA, SaveMor/Maputo Fresh Market, Recheio, SPAR/Premier SuperSpar, Shoprite, Pick n Pay, Woolworths, Mozambique Fresh Produce and Moz Fresh Greens for direct garlic buyer ownership and paid-data shipment validation"
103,Armenia,2072.97,1158800,Tier 3,20,20,"Target met; monitor Spayka, Farmerup, Yerevan City/City LLC, Partner Armenia, Megafood, Alpha Food Service, Food Depot, SAS, Nor Zovq, Evrika, Yeremyan Projects, Artfood, Aragats Food, Fresh Frozen, GHR Product Service, Lia Food, Aras Food, VAS Group, Sun Food and public Volza fresh-garlic buyer signals for direct garlic buyer ownership and paid-data shipment validation"
104,Ghana,2045.53,1259650,Tier 3,20,20,"Target met; monitor Kwatsons/MaxMart Distribution, Eden Tree, Fruitgisa, Transmed Ghana, Forewin, Capa Fresh, Shoprite/Brands For All-Carrefour, Ghana Whole Foods, Perez, CarmenSita, IceFoods, Wusuaa, Harrishelle, Prince Mark, Cheaper Lines, NMORKUME, Shining Green, Agroseal, Finatrade and public God Is Good Farms garlic-buyer signals for direct garlic buyer ownership and paid-data shipment validation"
105,Moldova,2010.42,1020580,Tier 3,20,20,Target met - monitor for stronger direct importer/distributor and paid customs-confirmed decision maker data
106,Nepal,1966.04,2139730,Tier 3,20,20,Target met - monitor WITS mirror-import surge and paid customs-confirmed fresh garlic buyer contacts
107,Aruba,1862.08,864818,Tier 3,20,20,Target met - monitor for stronger verified fresh produce importer contacts and paid allium shipment owner data
108,Macao,1812.22,690262,Tier 3,20,20,Target met - monitor for direct fresh-garlic SKU evidence and paid customs-confirmed buyer ownership
109,Belize,1809.98,1045540,Tier 3,20,20,Target met - reconcile pipeline import value with latest WITS 2023 value and validate paid customs-confirmed buyer ownership
110,Azerbaijan,1798.96,1025060,Tier 3,20,20,Target met - reconcile pipeline import value with latest WITS 2023 value and validate paid customs-confirmed buyer ownership
111,Greenland,1711.31,542888,Tier 3,20,20,Target met - reconcile legacy pipeline value with WITS 2024 mirror-export value and validate paid customs-confirmed buyer ownership
112,Democratic Republic of the Congo,1709.30,751390,Tier 3,20,20,Target met - reconcile legacy pipeline value with WITS 2023 mirror-export value and validate paid customs-confirmed buyer ownership
113,Fiji,1675.92,972526,Tier 3,20,20,Target met - validate direct beneficial garlic importers against WITS 2023 USD 4.79M import signal and paid customs data
114,Benin,1590.74,1138660,Tier 3,20,20,Target met - reconcile legacy pipeline value against WITS 2023 USD 107.70K import data and validate direct beneficial importers through paid customs data
115,"Congo, Rep.",1585.67,780560,Tier 3,20,20,Target met - validate beneficial importers through paid customs data because public coverage is mostly route-to-market and WITS latest direct public signal is 2021 mirror-export data
116,Liberia,1578.07,764060,Tier 3,20,20,Target met - reconcile legacy pipeline value against WITS 2023 direct import USD 283.68K and mirror-export USD 465K signals and validate beneficial importers through paid customs data
117,El Salvador,1573.89,755409,Tier 3,20,20,Target met - validate beneficial importers against WITS 2023 USD 2.75M and 2.53M kg direct import signal led by China and paid customs data
118,Burkina Faso,1485.56,962816,Tier 3,20,20,Target met - validate beneficial importers against WITS 2023 USD 476.72K and 4.06M kg direct import signal led by China and paid customs data
119,Tanzania,1435.05,1273120,Tier 3,20,20,"Target met - validate public Volza fresh-garlic buyers and reconcile WITS 2023 USD 458.98K and 733,960 kg direct imports led by China against legacy pipeline value"
120,Monaco,1395.69,367873,Tier 3,20,20,"Target met - validate Monaco-based provisioners, produce wholesalers, supermarket procurement and yacht/HORECA channels against paid customs data because public WITS reporter coverage is limited"
121,Burundi,1360.07,667176,Tier 3,20,20,"Target met - reconcile legacy pipeline value against WITS 2023 USD 214.76K and 98,980 kg direct import signal, mostly Tanzania-supplied, and validate beneficial importers through paid customs data"
122,"Hong Kong, China",1328.57,410589,Tier 3,20,20,"Target met - reconcile WITS 2023 direct imports against larger China mirror-export and public Volza garlic shipment signals; validate beneficial importers across Food Source, Wing Kee, DCH/Sims, Angliss, Fresh Channels, supermarkets and marketplace garlic sellers"
123,Samoa,1299.14,767160,Tier 3,20,20,"Target met - reconcile legacy pipeline value against WITS 2023 direct imports of USD 242.27K and 157,181 kg, led by China; validate beneficial importers across Ah Liki, Frankie, SSAB, Gounders, Chan Mow and supermarket/hospitality channels"
124,Curacao,1220.20,578113,Tier 3,20,20,"Target met - validate beneficial importers behind pipeline value and public Volza/Panjiva fruit, vegetable and food-ingredient shipment signals; prioritize Hector Henriquez, Curaçao Foods Trade, EWT, Pietersz, DeliNova, fresh-produce importers, supermarkets and foodservice channels"
125,Djibouti,1211.04,1273980,Tier 3,20,20,"Target met - reconcile WITS 2023 fresh/chilled garlic imports of USD 754.18K and 2.15M kg plus public Volza garlic-buyer signals across Xuefeng, Nimsam Kashi, Kheyredin, Al Gamil and fresh-produce importers; validate beneficial importers through paid customs data before quoting FCL volume"
126,Papua New Guinea,1210.15,660010,Tier 3,20,20,"Target met - reconcile WITS 2023 direct import value of USD 750.95K and China-led mirror-export signals with public importer-distributor, supermarket, fresh-produce and food-manufacturing routes; prioritize BNG, Food Pro, SVS, AD Commodities, Pacific Industries, Rabtrad, NKW Fresh, Seeto Kui, TST, RH and Stop & Shop/Taylor Pacific for paid-data validation"
127,Gabon,1166.40,514760,Tier 3,20,20,"Target met - reconcile legacy pipeline value against WITS 2023 direct fresh/chilled garlic imports of USD 608.36K and 1.63M kg, mostly China-supplied; validate beneficial importers across Prix Import, SUPERGEL, SANgel, CECA-GADIS, CEDICOM, FOBERD, GAREP, HM Distribution, SIPAGEL, Resto Group and Gabon supermarket/foodservice channels"
128,Zimbabwe,1111.18,453150,Tier 3,20,20,"Target met - reconcile legacy pipeline value against WITS 2023 direct fresh/chilled garlic imports of only USD 3.15K and 453 kg from South Africa plus 2024 South Africa mirror exports of USD 4.05K and 841 kg; validate whether garlic demand is locally produced, informal cross-border, processed/dehydrated, or hidden under broader mixed-food import routes before quoting FCL volume"
129,Kyrgyz Republic,1107.16,500640,Tier 3,20,20,"Target met - reconcile legacy pipeline value against WITS 2023 direct imports of USD 26.93K and 127,590 kg plus China mirror exports of USD 333.22K and 327,385 kg; validate beneficial importers across SB Group, Alliance Product, Globus, Asia Retail, Kyrgyz Product, VitaMiks, Prod Impex, Bai Elim, Pamir, Nuristan and HoReCa channels before quoting FCL volume"
130,French Polynesia,1076.97,395833,Tier 3,20,20,"Target met - reconcile legacy pipeline value against WITS 2023 direct fresh/chilled garlic imports of USD 805.04K and 322,463 kg, mostly unspecified partner reporting; validate beneficial importers across CCC, SIPAC, Essor, TS Distribution, WanD, Newrest, SAGES, SNP, LS Proxi, Polyagro, Ah Sing and hospitality channels before quoting FCL volume"
131,Guam,1037.07,363093,Tier 3,20,20,"Target met with 20 public-source leads. Monitor paid-data reconciliation because WITS mirror exports to Guam show a much smaller public HS 070320 signal than the legacy pipeline value, likely due U.S. territory reporting and mixed grocery/produce consolidation."
132,Mauritania,1008.84,725350,Tier 3,20,20,"Target met with 20 public-source leads. Monitor paid-data reconciliation because WITS 2023 direct imports show USD 205.56K and 1.84M kg while China mirror exports alone show USD 2.07M and 1.57M kg, creating a material market-size and beneficial-importer identification gap."
133,Equatorial Guinea,998.16,460556,Tier 3,20,20,"Target met with 20 public-source leads. Monitor paid-data reconciliation because the legacy pipeline value is much larger than public WITS 2023 EU mirror exports, while 2019 mirror data showed China-led garlic flows and public company evidence points to mixed supermarket/wholesale consolidation."
134,Cabo Verde,966.95,557555,Tier 3,20,20,"Target met 2026-04-28; monitor paid customs for beneficial garlic importer identity across Oliver Food Resorts, Eurocash, Distribuidora do Arquipelago, Montanhes, Super Compra, Importex, Cabomix, CIC and hotel foodservice channels"
135,Cook Islands,965.93,382970,Tier 3,20,20,"Target met; Prime Foods is now the contact-ready official produce/dry-goods wholesale route, while CITC remains the stronger public importer/distributor and paid-customs FCL ownership target across CITC, Prime Foods, Paradise Supplies, Wigmore's, Miamland, Maina Traders and resort foodservice channels"
136,Brunei,929.72,374000,Tier 3,20,20,"Target met 2026-04-29; monitor paid customs for beneficial garlic importer identity across Bukit Ladang, Ying Bee, Lee & Soh, TGT, Sullivans, GHL, MC Maju, Teeyem, Ben Foods, Supa Save, Sifana, Double M, WNF, Al Salam, Thaamin, Sunshine, Ghanim, Hua Ho, Soon Lee and RBC"
137,Sao Tome and Principe,915.32,551878,Tier 3,20,20,"Target met 2026-04-29; monitor paid customs for beneficial garlic importer identity across CECA GADIS/Super CKDO, Afrimar, Vital, Doce, Continental, Miamland, Intermar, Mini Mercado Bom Preco, Coconote, Cash do Equador, Pingo Doxi, Aegis, Carla Charcutaria, Karley Martins Lima, CS Trading, Principe Collection, Pestana, Hotel Praia, Club Santana and Praia Inhame"
138,Zambia,875.45,535350,Tier 3,20,20,"Target met 2026-04-29; monitor paid customs for beneficial garlic importer identity across EPIC Foods, Gatbro, Ntsele/Fruit & Veg City, Choppies, Unity, Artion, Zambeef, Miamland, Dew Fresh, Zambezi Brands, Gammer Foods, Kwenu Kwetu, Trade Kings, Retsol, Pick n Pay, Shoprite, Food Lovers Market, Oriental Food, Fortune Retail Holdings and Chimfresh"
139,Marshall Islands,869.54,333030,Tier 3,20,20,"Target met 2026-04-29; monitor paid customs for beneficial garlic importer identity across Triple J Marshalls/Payless Triple J, K&K Island Pride/K&K Corporation, Pacific Basin Payless, MISCO, MIMRA/OIFMC, EZ Price Mart, Formosa, Cost Price, H2 Imports Ebeye, Surfway, Ebeye Mart, Crazy Price Mart, Division 7 Twelve, Ace One Stop, Marshall Islands Resort/Enra, RRE/Tide Table, Toeak, Flame Tree, Dar Cafe and Won Hai Shien"
140,Guinea,861.53,436560,Tier 3,20,20,"Target met 2026-04-29; monitor paid customs for beneficial garlic importer identity across Sawaba, EJ-DISTRIBUTION, EMAB, Mad Distribution, Sonit, Fresh Frozen Foods Conakry, Scodi, AFDAL, COVAL, Agro Food Industrie/SONOCO, Alnour, Groupe Kebou, Africa Distri, Solange Business, TOP GUINEE, MAKI FOODS, U Express, L'INTERMARCHE, Market Residence 2000 and Riviera Royal Hotel"
141,Rwanda,797.76,415950,Tier 3,20,20,"Target met 2026-04-29; monitor paid customs for beneficial garlic importer identity across XS Fresh, Prodi, Eri-Rwanda, TCYield, Akagera Trading, ICON Trading, National Distributors Rwanda, SM General Trading, Ntahomvukiye Anastase, New One Design, Krishna Rwanda, Izere Services, Food Bundles, Aman Fresh Direct, Garden Fresh Rwanda, Africa Foods Supply, Simba Supermarket, Kigali Serena, Kigali Marriott and Radisson Blu Kigali"
142,Cote d'Ivoire,791.87,357216,Tier 3,20,20,"Target met 2026-04-29; monitor paid customs for beneficial garlic importer identity across PROSUMA, SOFRAICI, CGDA, Omnifood International, ETS Nabil Moustapha, TAPOH, SABIMEX, African Distribution Company, MonJardin, SIDAF-CI, CODIPAC, SANgel, CDCI/King Cash, CFAO Consumer Retail/Carrefour, Groupe Carre d'Or, EDIS Nouvelle, Groupe Manskou, AACI, Diop Distribution and Societe de Service et de Distribution Alimentaires"
143,Seychelles,775.05,261319,Tier 3,20,20,"Target met 2026-04-29; monitor paid customs for beneficial garlic importer identity across STC, Apex Hotel Supplies, International Food Solution, Global Supply Centre, SPAR Eden Island, ISPC Seychelles, Isola, Vinayaga Impex, GOPI, Hospitality Supplies, Blue Ocean Traders, Vendesto, Sun Shipping International, FoodPro, Arc Distribution, Mamma Mia, RAJ Group, Durai Mini Market, Aswanth Group and Resourced Enterprises"
144,Myanmar,753.63,529243,Tier 3,20,20,"Target met 2026-04-29; monitor paid customs for beneficial garlic importer identity across Makro Myanmar, Annam Myanmar, City Mart, Capital Retail, MABG Food, Asia Winner, Seven Wonders Myanmar, Myanmar Distribution Group, DKSH Myanmar, Myanmar's Distribution, CGM, Myanmar Belle, Golden Palace, Green Hands, Pyei Phyo Aung, Aung Thitsar, Hinnthar Nyi Naung, Sein Thonelone, Aung Pyae Kyaw and Latha"
145,Togo,716.20,444110,Tier 3,20,20,"Target met 2026-04-29; monitor paid customs for beneficial garlic importer identity across Ocean Communication & Trading, KG-BUSINESS, DORIKKO, Ramco, HEISTAL, TOGO FOOD, Togo Distribution, EKATIF, C F D O, FreshCo, FNB International, TOGO Panier, Pischon, TLA/Togo Luxe Agri, Agrilance, Wisdom Agri & Negoce, IACOM Togo, Miamland, Servair/Lome Catering and Le Champion"
146,Guatemala,712.38,327792,Tier 3,20,20,"Target met 2026-04-29; monitor paid customs for beneficial garlic importer identity across Ninoshka, Grupo Campeon/SERVI, Suministros y Alimentos/Disprocalsa, Maxim, Distribuidora Mary, Dissand, Walmart/Hortifruti, La Torre/Unisuper, PriceSmart, Kamoja, Garesa, Suderesa, Diproalsa, Japi, Distribuidora Yaneth, De Mi Tierra, Vegetalia, Comercializadora AZ, Sabores Cosco and ACSA/Anabelly"
147,Kosovo,671.88,413060,Tier 3,20,20,"Target met; Elkos is now the contact-ready official national food import/distribution route, while Joni Group, Euro Exim and FISI Group remain paid-customs fresh-produce importer/FCL ownership targets across HS 070320 and allium-adjacent lanes"
148,Tunisia,658.13,387970,Tier 3,20,20,"Target met 2026-04-29; monitor paid customs for beneficial garlic importer identity across Saed Mhenna, Sodea Fruits, Socoges, Adam Impex, Sushi Tunisie, ADIS Tunisie, Farah Company, Géant Drive, Magasin Général/MG, Monoprix, Carrefour/Ulysse Hyper Distribution, Fruitika, Sodea Fresh, TIC Food, Agri Didon, Ideal Foods, Paradis du Centre, STIFEN, Société Labidi Viandes and Jouda"
149,Nauru,654.64,227665,Tier 3,20,20,"Target met 2026-04-29; public route-to-market mapping now covers Capelle & Partner, Friends Nauru, Rainbow Enterprise, Eigigu, Miamland, Milton Ross Store, Pacific Store, Vim Store No1, Gareow Store, Od-N-Aiwo Shop, Stop & Shop, Sunshine Store, Yangom Store, Cainir Store, J & J Enterprise, Pacifica Enterprises, Menen Hotel, Od-N-Aiwo Hotel, The Bay Restaurant and Nauru Airlines; paid customs needed because WITS 2024 mirror-export data is far below legacy pipeline value"
150,Lesotho,607.51,350335,Tier 3,20,20,"Target met; Maluti Fresh Market is now the contact-ready official produce market/cold-chain/prepared-produce route, while Bay Fruits remains the stronger public importer and paid-customs FCL ownership target across Lesotho fresh-produce/allium lanes"
151,Solomon Islands,578.72,240060,Tier 3,20,20,"Target met 2026-04-29; public route-to-market mapping now covers Super Power Corporation, Bulk Solomons, Sullivans, Nambawan Meat, Turu Value, Deli in the Plaza, Meatlovers, Solomon Brothers, Victory Trading, Low Price Enterprise, Okoa Enterprises, Central Development, SP F&B Manufacturers, Daily Mart, Wing's Supermarket, K K Mart, Honiara Central Market, Coral Sea Resort, Heritage Park Hotel and Honiara Hotel; paid customs needed because public sources validate food-import and distribution routes but not beneficial HS 070320 garlic ownership"
152,Afghanistan,575.14,468175,Tier 3,20,23,"Target met; Wakman is now the contact-ready official import/distribution route for Afghanistan food ingredients, FMCG and all-province B2B supply, while Hashmat Wali Mandozai, Almas Khoshahal and the direct HS 070320 buyer cluster remain paid-customs garlic/FCL ownership targets"
153,Antigua and Barbuda,574.84,329060,Tier 3,20,20,"Target met; Island Provision is now the contact-ready official fresh/frozen/dry food import-distribution route for hotels, restaurants, supermarkets and yachts, while A.S. Bryden remains the larger public-profile distributor/FCL benchmark and paid-data reconciliation target"
154,Vanuatu,573.38,329600,Tier 3,20,20,"Target met 2026-04-29; public route-to-market mapping now covers Au Bon Marché, Dynamic Vanuatu, Teouma Valley Farms, LCM Store, Fine Foods, Cellovila, Martin Company, Esah, Daming Store, Chuan Store, Food Stuffs, Punjas, Vanuatu Cattle Co, Port of Call Vanuatu, Port Vila City Market, Luganville Local Market, Iririki Island Resort, Warwick Le Lagon, Ramada Port Vila and Mangoes Resort; paid customs should verify direct HS 070320 beneficial ownership because public sources validate island foodservice, supermarket, wholesale, market and hotel demand routes but not named garlic consignees"
155,Sierra Leone,572.34,305290,Tier 3,20,20,"Target met 2026-04-29; public route-to-market mapping now covers Pee Cee & Sons, Merani & Sons, DevNat Agri, Sierra Wholesalers/Sierra Importers, Sierra Distribution Company, Foodland, Koussagroup/Freetown Supermarket, Lion Companies Food Division, Premier Food Distribution, Kadat Foods, Goodies, Choithram, Monoprix, Zeruel, CEG, Commodities Trading, DTI, Faris, Heranco and King Food; paid customs should verify HS 070320 beneficial importer ownership because public sources validate food import distribution, cold-chain, supermarket, grocery-wholesale and direct garlic category routes but not named Sierra Leone garlic consignees"
156,Chad,537.67,288800,Tier 3,20,20,"Target met 2026-04-30; public route-to-market mapping now covers Seyal-Tchad, E T S Marche Max, Hadji Youssouf Djibrine, E T S Pro Market SN, Star Gold General Trading, ETS AMA N'Djamena, Miamland Chad, MAYELBUSINESS, TCHAD.NOUSSAHIM, Avi Trene Food, TchadMarket, Lily's Supermarket, Modern Market, Le Bon Marche, Le GRAND MARCHE, Alimentation La Tchadienne, Radisson Blu, Ledger Plaza, Hotel La Residence and Hotel Le Process; paid customs should verify HS 070320 beneficial importer ownership because public sources validate import/export, garlic-powder buyer signals, foodstuffs, fresh-produce, supermarket and hotel demand routes but not named fresh-garlic consignees"
157,Central African Republic,525.67,264390,Tier 3,20,20,"Target met 2026-04-30; public route-to-market mapping now covers Miamland Central African Republic, Bangui Mall/Bangui Market, MARCHANDE EXPORT ET IMPORT, GROUP ALRACHID, BEN AHMED ALRACHID, AFRICA DISTRIBUTION, AFRICA CONSULTING, FINI NDARA CORPORATION, Rayan Super Market, Supermarket Corail, Cedar Market, Marche Central, Prima supermarche, Super Marche LEADER, Starmarket, Park'N'shop, Supermarche Maya, Oubangui Hotel, Ledger Plaza Bangui and Kitika Hotel; paid customs should verify HS 070320 beneficial importer ownership because WITS validates fresh-garlic flow to Central African Republic while public company sources validate import/export, food wholesale, grocery, supermarket, market and hotel demand routes but not named fresh-garlic consignees"
158,Saint Lucia,524.65,263655,Tier 3,20,20,"Target met 2026-04-30; public route-to-market mapping now covers Acado St. Lucia Limited, International Suppliers Inc., Island Provisions, Faye Gastronomie Caraibes, ADMAC, Crown Foods, Miamland St. Lucia, Massy Stores St. Lucia, The Promise Supermarket, Marigourmet, Baron Foods, Abby's Exotic Blends, Inter-Island Distributors, Coconut Bay, Windjammer Landing, Sandals Grande St. Lucian, Sugar Beach, Jade Mountain/Anse Chastanet, Ladera Resort and The Harbor Club; paid customs should verify HS 070320 beneficial importer ownership because public sources validate FMCG distribution, imported grocery, fresh/frozen foodservice supply, provisioning, supermarkets, processors and resort demand but not named fresh-garlic consignees"
159,"Gambia, The",467.24,219252,Tier 3,20,20,"Target met 2026-04-30; public route-to-market mapping now covers K. Chellarams Gambia, SASCO, Suraj Trading, CJ International, Food Import Gambia, Gamfood Trading, Right Choice, NOMM, MultiTrade, Miamland Gambia, Fresh Frozen Foods Gambia, Jambar Enterprise, MTH Trading, Starline Multitrade, Kairaba Shopping Centre/Tajco, Kairaba Supermarket, Safeway Supermarket, Care For Natural, GamVeg Oil and Coco Ocean; paid customs should verify HS 070320 beneficial importer ownership because WITS validates 2023 direct fresh-garlic imports while public sources validate FMCG import-distribution, foodstuffs, frozen/chilled logistics, supermarkets, processors and hotel demand but not named garlic consignees"
160,Andorra,440.04,120970,Tier 3,20,20,"Target met 2026-04-30; public route-to-market mapping now covers Diplo Andorra, Sumalisa, IDPA, Friman Pirineus, Andisho, Import Espuga, El PorcFer, El Cedre Distribucions, Magatzems Coma/Coma Andorra, Miamland Andorra, Pyrenees Alimentacio, Carrefour Andorra 2000, Super U/CCA, Caprabo Illa Carlemany, U Express Encamp, Super Gourmet, Grand Plaza, Grau Roig, Sport Hotel Hermitage and Park Piolets; paid customs should verify HS 070320 beneficial importer ownership because WITS 2023 direct imports show only about USD 2.30K and 647 kg, almost entirely from Spain with a small France line, far below legacy pipeline volume, while public sources validate wholesalers, supermarkets and hotel demand but not named garlic consignees"
161,Saint Vincent and the Grenadines,425.72,195940,Tier 3,20,20,"Target met 2026-04-30; public route-to-market mapping now covers ACADO SVG, Massy Stores SVG, C.K. Greaves, Bonadie, PeppaKorn, Rainforest Caribbean, East Caribbean Group of Companies, Miamland, Ranee's Food Supplies, Doris' Fresh Food, Log Enterprises, Food Center, Facey Trading, Better Brands/Frank B Armstrong, Massy Distribution, Sandals Saint Vincent, Mandarin Oriental Canouan, Bequia Beach Hotel, Bequia Plantation Hotel and Mariners Hotel; paid customs should verify HS 070320 beneficial importer ownership because WITS 2023 direct imports show about USD 456.78K and 225,616 kg, while public sources validate distributors, wholesalers, supermarkets, fresh-food provisioning, frozen/cold-chain processors and resort demand but not named garlic consignees"
162,Timor-Leste,415.43,247703,Tier 3,20,20,"Target met 2026-04-30; public route-to-market mapping now covers East Timor Trading Group, Perissos Vitoria, Timor Food, SUH CASA, Fortuna Lorosa'e, Lita Cold Storage, Miamland Timor-Leste, Dato Mual Beitai, Leader Supermarket, Qulina, W Four, Meimart, Lita Store, Alfa-Dili, Loja Creative Furak, Lisun Importacao & Exportacao, Jusibel, Hotel Timor, Novo Turismo and Palm Springs Hotel; paid customs should verify HS 070320 beneficial importer ownership because WITS 2023 direct imports show USD 822.28K and 1,135,540 kg, while public sources validate FMCG import-distribution, staple-food importers, cold-chain importers, supermarkets, offshore consolidation and hotel demand but not named garlic consignees"
163,Dominica,404.76,208464,Tier 3,20,20,"Target met 2026-04-30; public route-to-market mapping now covers Fine Foods, H.H.V. Whitchurch/IGA, Issa Trading, J. Astaphan, Springfield Trading/S-Mart, Starrin & Sons, Malcolm Stephen & Sons, Miamland Dominica, Northern Foods & Supplies, Parry W Bellot/Bello Products, A.C. Shillingford, Carimex, Best Price, Fresh Market, InterContinental Dominica Cabrits, Secret Bay, Jungle Bay, Rosalie Bay, Pagua Bay House and Fort Young Hotel; paid customs should verify HS 070320 beneficial importer ownership because WITS 2023 direct imports show USD 305.29K and 100,574 kg, while public sources validate grocery import-distribution, wholesale, supermarket, frozen/cold-chain, processor, offshore consolidation and resort foodservice demand but not named garlic consignees"
164,Netherlands Antilles,386.26,85179,Tier 3,20,20,"Target met 2026-04-30; public Dutch Caribbean route-to-market mapping now covers SXM Distributors, Canarbo, Pietersz Distribution, Curacao Foods Trade, Divico Cash & Carry, Carrefour Market/Le Grand Marche St. Maarten, Cost.U.Less St. Maarten, Prime Distributors, Marquis Agencies, Bo Frei Agencies, CED Caribbean, Fresh Supplier Bonaire/Van den Tweel Caribbean, Miamland Netherlands Antilles, Centrum Supermarket & Wholesale, Mangusa Hypermarket, Vreugdenhil Supermarket, Warehouse Bonaire, Plaza Beach & Dive Resort Bonaire, Sandals Royal Curacao and Sonesta Ocean Point; paid customs should reconcile the dissolved Netherlands Antilles code and split beneficial HS 070320 importer ownership across Sint Maarten, Curacao, Bonaire, Saba and Statia before quoting FCL volume"
165,Kiribati,350.61,139150,Tier 3,20,20,"Target met 2026-04-30; public route-to-market mapping now covers Taotin Trading/Taotin Supermarket, Henicki, Punjas Kiribati, Moel Trading, King Holdings, LMTA/Antebuka/Te Uri, Miamland Kiribati, Auesa Trading, Superaoi, iMART Bikenibeu, One Stop Stores, Wishing Star Trading, JMB Store/JMB Kiribati, CPPL, Kiribati Fish, Betio Mini Market, Mary's Motel, Utirerei/Nemat Resort, Ikari House and Betio Lodge; paid customs should verify HS 070320 beneficial importer ownership because legacy pipeline value shows USD 350.61K and 139,150 kg while public sources validate import-distribution, wholesale, supermarkets, offshore consolidation, processors and hotel/lodge foodservice demand but not named garlic consignees"
166,Liechtenstein,345.92,85864,Tier 3,20,20,"Target met 2026-04-30; public route-to-market mapping now covers Hilcona, Ospelt, Kesseli AG Liechtenstein delivery route, Miamland Liechtenstein, Exotic Food Liechtenstein, Foodbox Express/Hofladen Express, Fruchtebox Express/Selecta Bendern, SPAR Supermarkt Schaan, SPAR Supermarkt Eschen, SPAR mini Nendeln, Coop Vaduz Muehleholz, Coop Vaduz Staedtlemarkt, Getraenkeexpress, Adler Gastronomie/Gourmet Express, Hotel Residence/Chapter Two, Park Hotel Sonnenhof, Restaurant Torkel, Hotel Schatzmann/Restaurant Vivid, Hotel-Gasthof Loewen and Hotel kommod; paid customs should verify HS 070320 beneficial importer ownership because legacy pipeline value shows USD 345.92K and 85,864 kg while public sources validate industrial fresh-convenience processing, foodservice garlic-ingredient use, produce/frozen distribution, grocery export consolidation, supermarkets, grocery delivery, catering and hotel/restaurant demand but not named fresh-garlic consignees"
167,Saint Kitts and Nevis,334.37,152958,Tier 3,20,20,"Target met 2026-04-30; public route-to-market mapping now covers Ram's Trading, Food Centre St. Kitts, Ocean Cold Storage/S.L. Horsford, O.D. Brisbane & Sons, SK&Sons, Miamland St. Kitts & Nevis, C & C Trading/C & C Super Foods, R & L's Fresh Produce Wholesale, Horsford's Valu Mart IGA, Best Buy Grocery/Best Buy Supermarket, Global Purchasing, Four Seasons Resort Nevis, Park Hyatt St. Kitts, St. Kitts Marriott, Belle Mont Sanctuary, Montpelier Nevis, Golden Rock Inn, Oualie Beach Resort, Royal St. Kitts Hotel and Island Market; paid customs should verify HS 070320 beneficial importer ownership because legacy pipeline value shows USD 334.37K and 152,958 kg while public sources validate commodity-food imports, fresh produce, foodstuff distribution, frozen/cold-chain wholesale, FMCG distribution, public shipment activity, supermarkets, foodservice distributors and large resort demand but not named fresh-garlic consignees"
168,Grenada,315.44,125203,Tier 3,20,20,"Target met 2026-04-30; public route-to-market mapping now covers Acado Grenada, Country Cold Store, Huggins Distribution, SIFH Imports, Bryden & Minors, Superb Distributors, MNIB, Miamland Grenada, Huggins Foodland, Real Value IGA, Food Fair, Baron Foods Grenada, De La Grenade Industries, Sandals Grenada, Silversands Grenada, Calabash Hotel, Spice Island Beach Resort, Royalton Grenada, True Blue Bay/Dodgy Dock and Mount Cinnamon; paid customs should verify HS 070320 beneficial importer ownership because legacy pipeline value shows USD 315.44K and 125,203 kg while public sources validate FMCG distribution, frozen/chilled food importing, cold-chain wholesale, foodservice imports, produce distribution, supermarket/provisioning channels, processors and large resort demand but not named fresh-garlic consignees"
169,Tonga,283.78,132765,Tier 3,20,20,"Target met; Nishi is now the contact-ready official fresh-produce/HACCP-SCHS processor route, while Costlow remains the stronger public paid-customs warehouse-supermarket reefer/FCL benchmark for Tonga fresh, frozen and provisioning channels"
170,Comoros,243.16,147960,Tier 3,20,20,"Target met 2026-04-30; public route-to-market mapping now covers Magasin Nardassi, Al-Subhan Import, Ets Ismail Idarousse, Humeid SARL, Alimentation General Sarah, Magasin Bahia Atimus, Wings Soleil, ST Group Comoros, ONICOR, Miamland Comoros, Comores Market, DOUKA KM, Qanila/Grossiste Essentiel, Vaniacom, Comoros Moringa, Bendal Group, Comores Relance, Itsandra Beach Hotel, Retaj Moroni and Jardin de la Paix; paid customs should verify HS 070320 beneficial importer ownership because WITS 2024 mirror-export data shows roughly USD 337.51K and 531,157 kg of fresh/chilled garlic entering Comoros, mainly from Madagascar, China and Tanzania, while public company sources validate food importers, HSN 0703 allium/onion import activity, rice/juice importers, frozen/cold-chain meat importers, grocery wholesale, online supermarkets, processors and hotel/resort demand but not named fresh-garlic consignees"
171,"Micronesia, Fed. Sts.",169.16,84053,Tier 3,20,20,"Target met 2026-04-30; public route-to-market mapping now covers Yap Cooperative Association/YCA, XIX Store, Yap Save More/YSM Centerpoint, Guang Mao Store, Island Corner, Ace Commercial Center, Leo Store, A-One Mart/A-One Mart Restaurant, Yoshies Supermarket, Palm Terrace Market, Isamu Nakasone Store, Saki Stores, Truk Trading Corp., AWM, Ace Office Supplies, Neime' Company, Keng Store, Kosrae Nautilus Resort, Manta Ray Bay Resort and Truk Stop Hotel; paid customs should verify HS 070320 beneficial importer ownership because legacy pipeline value shows USD 169.16K and 84,053 kg while public sources validate official import/export wholesale-retail operations, NBD food-import shipment previews, grocery-store routes across Yap/Pohnpei/Chuuk, Kosrae and Yap/Chuuk hotel foodservice demand, but not named fresh-garlic consignees"
172,Eritrea,160.26,76360,Tier 3,20,20,"Target met 2026-04-30; public route-to-market mapping now covers Warsa Enterprises, Ministry of Trade and Industry food-oil shipment evidence, Asmara Brewery, National Soft Drinks Factory, Red Sea Bottlers/Coca Cola Factory, Family Supermarket, Wikianos Supermarket, Tesfamariam Super Market, Senay Supermarket, Sheka Supermarket, Manta Dairy Products, Alpha Supermarket, Mercato Asmara Medebar, Hussain Ahmed Al-Shahri, Brinesh Super Market, Asmara Star Hotel, Hotel Asmara Palace, Asmara Savanna International Hotel, Albergo Italia Asmara and Sunshine Hotel Asmara; paid customs should verify HS 070320 beneficial importer ownership because legacy pipeline value shows USD 160.26K and 76,360 kg while public sources validate one strong official food importer/distributor, public food-oil import shipments, beverage/food manufacturers, Asmara grocery/supermarket routes, dairy processing and hotel restaurant demand but not named fresh-garlic consignees"
173,Palau,117.45,55588,Tier 3,20,20,"Target met 2026-04-30; public route-to-market mapping now covers Surangel & Sons, Neco Plaza/Payless Market, WCTC Shopping Center, Premium Products/Something Fresh Guam-Saipan-Palau, Miamland Palau, Jezrrae Wholesaler, Payless Market store-level route, Palau Central Trading, West Mini Mart, Palau Fish Market, Palau Pacific Water, Max Market, JM Mini Mart, Amel Store, Kwik Mart, Palau Royal Store, Palasia Hotel, Palau Pacific Resort, Palau Royal Resort and Palau Central Hotel; paid customs should verify HS 070320 beneficial importer ownership because legacy pipeline value shows USD 117.45K and 55,588 kg while public sources validate import/logistics/wholesale grocery, wholesale food distribution, frozen/chilled food, fresh produce, dry-line items, offshore fresh/cold-chain wholesale, supermarket routes, beverage distribution, fish market, hotel/resort dining and conference foodservice but not named fresh-garlic consignees"
174,Tuvalu,17.63,9080,Tier 3,20,20,"Target met; JY Ocean is now the official-site plus public trade-data top route for Tuvalu supermarket/online grocery, JY Express Mart, hot food and food-adjacent import matching; paid customs should still verify HS 070320 beneficial importer ownership before quoting FCL volume"
